{"Unnamed: 0":{"15":null,"16":"De 18 a 24 a\u00f1os","17":"De 25 a 34 a\u00f1os","18":"De 35 a 44 a\u00f1os","19":"De 45 a 54 a\u00f1os","20":"De 55 a 64 a\u00f1os"},"Unnamed: 1":{"15":"TOTAL","16":8.2340957525,"17":12.1725333225,"18":15.5388723381,"19":19.922228242,"20":17.7333953444},"Unnamed: 2":{"15":"PP","16":4.7699697186,"17":7.8583393582,"18":12.6678192876,"19":24.1222738887,"20":19.5037939729},"Unnamed: 3":{"15":"PSOE","16":5.1384438004,"17":9.1851583377,"18":13.1035759338,"19":18.3377052272,"20":19.8320560517},"Unnamed: 4":{"15":"VOX","16":6.6307143868,"17":14.9495831125,"18":30.1296718456,"19":19.7886213203,"20":15.5533597424},"Unnamed: 5":{"15":"Sumar","16":5.137005555,"17":18.2817592565,"18":18.2665452576,"19":21.9750106939,"20":18.254140443},"Unnamed: 6":{"15":"ERC","16":6.3063644597,"17":20.3927724273,"18":9.7951632046,"19":25.2338217399,"20":13.0352105732},"Unnamed: 7":{"15":"Junts","16":2.26129689,"17":16.2790263454,"18":8.961882385,"19":11.6929879755,"20":29.4411426491},"Unnamed: 8":{"15":"EH Bildu","16":2.7507244648,"17":13.038639926,"18":9.567722622,"19":14.7708372322,"20":22.4062856345},"Unnamed: 9":{"15":"EAJ-PNV","16":0,"17":2.0407127076,"18":11.3798402144,"19":35.1228009237,"20":23.7124847065},"Unnamed: 10":{"15":"BNG","16":10.4440158451,"17":16.3571060125,"18":8.8964556227,"19":18.2887123751,"20":26.7578110053},"Unnamed: 11":{"15":"CCa","16":0,"17":14.9043973556,"18":0,"19":62.818541328,"20":11.7438862031},"Unnamed: 12":{"15":"UPN","16":0,"17":0,"18":0,"19":0,"20":0},"Unnamed: 13":{"15":"PACMA","16":8.5109847419,"17":14.7017418166,"18":49.517693309,"19":17.7276834353,"20":9.5418966973},"Unnamed: 14":{"15":"Otro partido","16":11.1691428941,"17":11.5533240986,"18":27.0037035834,"19":20.2641643223,"20":22.7419495449},"Unnamed: 15":{"15":"En blanco","16":2.6801055185,"17":12.5628127908,"18":15.4226656735,"19":30.4531304725,"20":13.9116160839},"Unnamed: 16":{"15":"Nulo","16":11.3804063177,"17":14.6669645272,"18":39.197536003,"19":18.9716775772,"20":13.3826288123},"Unnamed: 17":{"15":"No vot\u00f3","16":7.493407255,"17":23.9897655742,"18":16.1421965135,"19":18.2895754036,"20":13.8953117599},"Unnamed: 18":{"15":"No ten\u00eda edad","16":100.0,"17":0,"18":0,"19":0,"20":0},"Unnamed: 19":{"15":"No ten\u00eda derecho a voto","16":27.3130979541,"17":17.2630399169,"18":29.4669841325,"19":8.9389114145,"20":17.017966582},"Unnamed: 20":{"15":"N.R.","16":3.3784894596,"17":3.5187082148,"18":12.9036860964,"19":19.1949655662,"20":11.3071439787},"Unnamed: 21":{"15":"N.C.","16":3.0731028064,"17":9.612356597,"18":8.3142280515,"19":21.4417855314,"20":25.3420444101}}